{"cameraMode":{"drawMode":0,"name":"Shaded","section":"Shading Mode"},"sceneLighting":true,"audioPlay":false,"sceneViewState":{"m_AlwaysRefresh":false,"showFog":true,"showSkybox":true,"showFlares":true,"showImageEffects":true,"showParticleSystems":true,"showVisualEffectGraphs":true,"m_FxEnabled":true},"in2DMode":false,"pivot":{"x":19.959142684936525,"y":3.785221576690674,"z":0.00000476837158203125},"rotation":{"x":-0.2930193841457367,"y":-0.16050317883491517,"z":0.04996773973107338,"w":-0.9412161111831665},"size":8.597023010253907,"orthographic":false}