{"cameraMode":{"drawMode":0,"name":"Shaded","section":"Shading Mode"},"sceneLighting":true,"audioPlay":false,"sceneViewState":{"m_AlwaysRefresh":false,"showFog":true,"showSkybox":true,"showFlares":true,"showImageEffects":true,"showParticleSystems":true,"showVisualEffectGraphs":true,"m_FxEnabled":true},"in2DMode":false,"pivot":{"x":1.2136547565460206,"y":15.489392280578614,"z":-13.028139114379883},"rotation":{"x":-0.09739871323108673,"y":0.886465847492218,"z":-0.21769379079341889,"w":-0.3966144621372223},"size":27.461063385009767,"orthographic":false}